Method,TP,FP,FN,Sensitivity,Precision,F1_Score
spectral_subtraction,4,1,1,0.8,0.8,0.8000000000000002
wiener,4,1,1,0.8,0.8,0.8000000000000002
deepfilternet,4,1,1,0.8,0.8,0.8000000000000002
logmmse,1,2,4,0.2,0.3333333333333333,0.25
speechbrain,1,2,4,0.2,0.3333333333333333,0.25
